id,name,tier,ra_deg,dec_deg,distance_ly,distance_uncertainty,redshift,radial_velocity_kms,type,source,source_ref,source_url,distance_basis,description
sol,Earth & Solar System,reference,0,0,0,—,,,Observer origin / G2V host star,Reference origin,Definition,,Defined as 0 ly.,The Solar System defines the observer-centered origin of this atlas. Catalog directions and radial distances are transformed into display coordinates from this reference point.
proxima,Proxima Centauri,observational,217.428942222,-62.6794901891,4.246455222,≈ ±0.0003 ly (formal parallax only),-6.9e-05,-20.578199,High proper-motion M-dwarf / Alpha Centauri component,SIMBAD/CDS,2020yCat.1350....0G / 2020AJ....160..120J,https://simbad.cds.unistra.fr/simbad/sim-basic?Ident=Proxima+Centauri,Direct inverse-parallax visualization distance; formal measurement uncertainty only.,"The nearest known star to the Sun. Position, proper motion and parallax in this build are transcribed from the SIMBAD record, whose astrometry cites Gaia EDR3."
sirius,Sirius A / B,observational,101.287155333,-16.7161158611,8.60093352,≈ ±0.04 ly (formal parallax),-1.8e-05,-5.5,Spectroscopic binary; A-type primary + white dwarf,SIMBAD/CDS,2007A&A...474..653V; 2006AstL...32..759G,https://simbad.cds.unistra.fr/simbad/sim-basic?Ident=Sirius,Direct inverse-parallax visualization distance.,"The brightest star system in Earth’s night sky. The position, proper motion, parallax and radial velocity shown here are catalog measurements surfaced through SIMBAD."
vega,Vega (Alpha Lyrae),observational,279.234734792,38.7836889444,25.044613376,≈ ±0.07 ly (formal parallax),-4.5e-05,-13.5,A0V star,SIMBAD/CDS,2007A&A...474..653V; 2004A&A...420..183A,https://simbad.cds.unistra.fr/simbad/sim-basic?Ident=Vega,Direct inverse-parallax visualization distance.,"A bright A-type standard star. SIMBAD lists the ICRS position, proper motion, parallax and radial velocity used in this embedded record."
arcturus,Arcturus (Alpha Boötis),observational,213.915300292,19.1824091667,36.71687493,≈ ±0.22 ly (formal parallax),-1.7e-05,-5.229,K1.5III giant,SIMBAD/CDS,2007A&A...474..653V; 2018A&A...616A...7S,https://simbad.cds.unistra.fr/simbad/sim-basic?Ident=Arcturus,Direct inverse-parallax visualization distance.,A nearby orange giant with high proper motion. Astrometry and radial velocity are embedded from the SIMBAD record and its cited literature.
pleiades,Pleiades Cluster (M45),observational,56.6008333333,24.1138888889,442.906029332,≈ ±0.3 ly (formal mean parallax),2e-05,5.88,Open cluster,SIMBAD/CDS,2018A&A...616A..10G; 2021A&A...647A..19T,https://simbad.cds.unistra.fr/simbad/sim-basic?Ident=M45,Inverse of the catalog mean parallax for atlas visualization; cluster depth is not represented.,The Pleiades open cluster. The embedded SIMBAD record reports a mean parallax of 7.364 mas and proper motion values from Gaia-era cluster astrometry.
betelgeuse,Betelgeuse (Alpha Orionis),observational,88.792939,7.407064,497.948091603,≈ ±63 ly (formal parallax; systematics important),7.3e-05,21.91,M1–M2 Ia–Iab red supergiant,SIMBAD/CDS,2007A&A...474..653V; 2005A&A...430..165F,https://simbad.cds.unistra.fr/simbad/sim-basic?Ident=Betelgeuse,Naive inverse-parallax display distance; uncertainty/systematics are scientifically significant.,A nearby red supergiant whose distance is difficult to estimate precisely. v3 intentionally exposes the large uncertainty rather than presenting a false single-value precision.
orion_nebula,Orion Nebula (M42),observational,83.82,-5.3875,1350.28584,±23 ly (±7 pc),,,H II region / stellar nursery,SIMBAD/CDS + Menten et al. (2007),2022A&A...661A..38P; 2007A&A...474..515M,https://simbad.cds.unistra.fr/simbad/sim-id?Ident=Orion+Nebula,Literature trigonometric-parallax distance to the Orion Nebula Cluster.,The Orion Nebula / Orion Nebula Cluster region. The sky position is from SIMBAD; the adopted distance is a published VLBA trigonometric-parallax result.
sgra,Sagittarius A* (Galactic Centre),observational,266.416816625,-29.0078249722,26673.03768,≈ ±83 ly combined statistical/systematic,,,Galactic-centre supermassive black hole,SIMBAD/CDS + GRAVITY Collaboration,2011AJ....142...35P; 2019A&A...625L..10G,https://simbad.cds.unistra.fr/simbad/sim-basic?Ident=sgr+A,Geometric Galactic-centre distance from the S2 orbit.,The compact radio source associated with the Milky Way’s central black hole. Position is from SIMBAD; distance uses the GRAVITY Collaboration geometric S2-orbit measurement.
lmc,Large Magellanic Cloud (LMC),observational,80.8941666667,-69.7561111111,161740.7604,±1.8 kly (systematic-dominated),0.000875,262.2,Magellanic irregular satellite galaxy,SIMBAD/CDS + Pietrzyński et al. (2019),"2003A&A...412...45P; Nature 567, 200–203 (2019)",https://simbad.cds.unistra.fr/simbad/sim-basic?Ident=LMC,Eclipsing-binary geometric distance; preferred over using local peculiar redshift.,A major Milky Way satellite and a cornerstone of the extragalactic distance ladder. Position and redshift are from SIMBAD; distance uses late-type eclipsing binaries.
andromeda,Andromeda Galaxy (M31),observational,10.6847083333,41.26875,2553801.48,≈ ±82 kly (±25 kpc adopted),-0.001,-300,SA(s)b spiral galaxy,SIMBAD/CDS + Local Group literature,2006AJ....131.1163S; McConnachie (2012),https://simbad.cds.unistra.fr/simbad/sim-basic?Ident=M31,Adopted heliocentric Local Group distance 783 ± 25 kpc; redshift is not used as a Hubble-flow distance.,The dominant large galaxy of the Local Group alongside the Milky Way. The ICRS position and heliocentric redshift are from SIMBAD; a literature distance is adopted because peculiar velocity dominates locally.
triangulum,Triangulum Galaxy (M33),observational,23.4620690622,30.660175112,2638602.04,≈ ±78 kly (±24 kpc),-0.000598,-179.2,SA(s)cd spiral galaxy,SIMBAD/CDS + McConnachie et al.,2020yCat.1350....0G; McConnachie et al. 2004/2005,https://simbad.cds.unistra.fr/simbad/sim-basic?Ident=M33,Adopted TRGB distance 809 ± 24 kpc; local peculiar velocity makes redshift unsuitable as a distance proxy.,The third-largest major galaxy of the Local Group. ICRS position and observed redshift come from SIMBAD; distance is a TRGB-based literature value.
centaurus_a,Centaurus A (NGC 5128),observational,201.365063377,-43.0191125081,12393928,±0.33 Mly (±0.1 Mpc),0.00187695,562,Active peculiar elliptical/lenticular radio galaxy,"SIMBAD/CDS + Harris, Rejkuba & Harris","2020A&A...644A.159C; PASA 27, 457–462 (2010)",https://simbad.cds.unistra.fr/simbad/sim-basic?Ident=Centaurus+A,Best-estimate literature distance 3.8 ± 0.1 Mpc.,The nearest powerful radio galaxy. SIMBAD supplies the precise radio position and observed redshift; the adopted distance comes from a multi-method distance review.
quasar_3c273,3C 273,observational,187.27791594,2.05238823055,2198680893.029468,Model-dependent comoving distance,0.15756751,43555,Quasar / active galactic nucleus,SIMBAD/CDS + Planck-like ΛCDM conversion,2020yCat.1350....0G; 2022ApJS..261....2K,https://simbad.cds.unistra.fr/simbad/sim-id?Ident=3C273,Comoving distance numerically derived from observed z using this build’s Planck-2018-like cosmology.,The historically first identified quasar. Its precise ICRS direction and spectroscopic redshift are embedded from SIMBAD; radial distance is derived from that observed redshift under the atlas ΛCDM model.
virgo_cluster,Virgo Cluster (context centre),context,186.75,12.72,54000000,Representative scale,,,Galaxy cluster context marker,Illustrative context,Not a single catalog object,,Approximate navigation distance.,"Representative center used to navigate the Virgo-region scale. This is a contextual atlas landmark, not a precision centroid or a substitute for member-galaxy catalog data."
great_attractor,Great Attractor region,context,243.8,-60.8,220000000,Representative scale,,,Large-scale flow / gravitational basin context,Illustrative context,Extended region; no single-point catalog identity,,Approximate navigation distance.,A navigation marker for the Great Attractor / Norma region. The phenomenon is extended and model-dependent; the point shown here is deliberately labeled as context rather than an observed object.
coma_cluster,Coma Cluster (context),context,194.95,27.98,321000000,Representative scale,,,Galaxy-cluster context marker,Illustrative context,Context layer,,Approximate navigation distance.,Representative Coma Cluster landmark retained for scale navigation. The point is contextual; individual member galaxies should be used for precision catalog work.
shapley,Shapley Supercluster region,context,202.5,-31.5,650000000,Representative scale,,,Supercluster context marker,Illustrative context,Context layer,,Approximate navigation distance.,Representative marker for the Shapley concentration. It is an extended structure and is therefore not represented as a precision point measurement.
bootes_void,Boötes Void region,context,219,35,700000000,Representative scale,,,Cosmic-void context marker,Illustrative context,Context layer,,Approximate navigation distance.,A representative point for navigating the Boötes Void scale. The void is spatially extended; this marker is not a physical object at a single coordinate.
sloan_wall,Sloan Great Wall region,context,190,5,1200000000,Representative scale,,,Large-scale structure context marker,Illustrative context,Context layer,,Approximate navigation distance.,"A representative navigation point for the Sloan Great Wall scale. The wall is an extended galaxy distribution, not a point source."
cmb_horizon,Cosmic Microwave Background,model,0,0,45218801512.42352,Model-derived comoving radius,1089,,Last-scattering surface (z ≈ 1089),Planck-like ΛCDM model,Planck 2018 cosmological parameters,https://arxiv.org/abs/1807.06209,Numerical comoving distance under the atlas cosmological model.,The last-scattering surface rendered at the model comoving distance corresponding to z ≈ 1089. The sphere texture is procedural and must not be interpreted as Planck sky-map data.
